Point Id;From Station;Stored Status;Solution Type;Solution Optimisation;Satellite System;Frequency;Occupation Mode;Start Time;End Time;Duration;Antenna Height [m];Antenna Name;Ephemeris Type;Easting [m];Northing [m];Ortho. Height [m];Geoid Separation [m];WGS84 Latitude [°];WGS84 Longitude [°];WGS84 Ellip. Height [m];WGS84 Cartesian X [m];WGS84 Cartesian Y [m];WGS84 Cartesian Z [m];”x [m];”y [m];”z [m];Slope Dist. [m];SD Slope Dist. [m]
cpdg;;Stored;Navigated;Iono Minimised;GPS/GLONASS;L1/L2;Static;01/01/2024 06:59;01/02/2024 06:59;23:59:30;0.0550;TPSCR.G3;Broadcast;6.516.742.558;98.945.263.304;126.485;-65.647;"0° 57' 14.33"" S";"100° 21' 47.22"" E";60.837;-11.471.803.325;62.732.356.280;-1.054.810.478;-;-;-;-;0.0000
cpdg;;Stored;Navigated;Iono Minimised;GPS/GLONASS;L1/L2;Static;01/02/2024 06:59;01/03/2024 06:59;23:59:30;0.0550;TPSCR.G3;Broadcast;6.516.742.013;98.945.263.777;123.347;-65.647;"0° 57' 14.33"" S";"100° 21' 47.22"" E";57.700;-11.471.802.226;62.732.353.300;-1.054.809.953;-;-;-;-;0.0000
cpdg;;Stored;Navigated;Iono Minimised;GPS/GLONASS;L1/L2;Static;01/03/2024 06:59;01/04/2024 06:59;23:59:30;0.0550;TPSCR.G3;Broadcast;6.516.740.279;98.945.264.156;126.916;-65.648;"0° 57' 14.33"" S";"100° 21' 47.21"" E";61.268;-11.471.801.164;62.732.357.128;-1.054.809.634;-;-;-;-;0.0000
cpdg;;Stored;Navigated;Iono Minimised;GPS/GLONASS;L1/L2;Static;01/04/2024 06:59;01/05/2024 06:59;23:59:30;0.0550;TPSCR.G3;Broadcast;6.516.740.876;98.945.262.560;135.916;-65.648;"0° 57' 14.33"" S";"100° 21' 47.21"" E";70.269;-11.471.803.365;62.732.365.847;-1.054.811.380;-;-;-;-;0.0000
cpdg;;Stored;Navigated;Iono Minimised;GPS/GLONASS;L1/L2;Static;01/05/2024 06:59;01/06/2024 06:59;23:59:30;0.0550;TPSCR.G3;Broadcast;6.516.739.263;98.945.264.546;125.667;-65.648;"0° 57' 14.33"" S";"100° 21' 47.21"" E";60.019;-11.471.799.940;62.732.356.088;-1.054.809.224;-;-;-;-;0.0000
cpdg;;Stored;Navigated;Iono Minimised;GPS/GLONASS;L1/L2;Static;01/06/2024 06:59;01/07/2024 06:59;23:59:30;0.0550;TPSCR.G3;Broadcast;6.516.739.555;98.945.263.350;128.950;-65.648;"0° 57' 14.33"" S";"100° 21' 47.21"" E";63.302;-11.471.800.814;62.732.359.245;-1.054.810.474;-;-;-;-;0.0000
cpdg;;Stored;Navigated;Iono Minimised;GPS/GLONASS;L1/L2;Static;01/07/2024 06:59;01/08/2024 06:59;23:59:30;0.0550;TPSCR.G3;Broadcast;6.516.742.842;98.945.263.936;123.699;-65.647;"0° 57' 14.33"" S";"100° 21' 47.22"" E";58.052;-11.471.803.105;62.732.353.500;-1.054.809.800;-;-;-;-;0.0000
cpdg;;Stored;Navigated;Iono Minimised;GPS/GLONASS;L1/L2;Static;01/08/2024 06:59;01/09/2024 06:59;23:59:30;0.0550;TPSCR.G3;Broadcast;6.516.741.874;98.945.264.586;128.480;-65.647;"0° 57' 14.33"" S";"100° 21' 47.22"" E";62.833;-11.471.803.015;62.732.358.387;-1.054.809.229;-;-;-;-;0.0000
cpdg;;Stored;Navigated;Iono Minimised;GPS/GLONASS;L1/L2;Static;01/09/2024 06:59;01/10/2024 06:59;23:59:30;0.0550;TPSCR.G3;Broadcast;6.516.745.220;98.945.264.474;128.216;-65.647;"0° 57' 14.33"" S";"100° 21' 47.23"" E";62.569;-11.471.806.259;62.732.357.524;-1.054.809.336;-;-;-;-;0.0000
cpdg;;Stored;Navigated;Iono Minimised;GPS/GLONASS;L1/L2;Static;01/10/2024 06:59;01/11/2024 06:59;23:59:30;0.0550;TPSCR.G3;Broadcast;6.516.742.817;98.945.264.388;123.655;-65.647;"0° 57' 14.33"" S";"100° 21' 47.22"" E";58.008;-11.471.803.075;62.732.353.468;-1.054.809.347;-;-;-;-;0.0000
cpdg;;Stored;Navigated;Iono Minimised;GPS/GLONASS;L1/L2;Static;01/11/2024 06:59;01/12/2024 06:59;23:59:30;0.0550;TPSCR.G3;Broadcast;6.516.739.898;98.945.264.339;123.481;-65.648;"0° 57' 14.33"" S";"100° 21' 47.21"" E";57.833;-11.471.800.170;62.732.353.821;-1.054.809.394;-;-;-;-;0.0000
cpdg;;Stored;Navigated;Iono Minimised;GPS/GLONASS;L1/L2;Static;01/12/2024 06:59;01/13/2024 06:59:12;23:59:30;0.0550;TPSCR.G3;Broadcast;6.516.738.651;98.945.265.331;139.571;-65.648;"0° 57' 14.32"" S";"100° 21' 47.21"" E";73.923;-11.471.801.841;62.732.369.886;-1.054.808.671;-;-;-;-;0.0000
cpdg;;Stored;Navigated;Iono Minimised;GPS/GLONASS;L1/L2;Static;01/13/2024 06:59:42;01/14/2024 06:59:12;23:59:30;0.0550;TPSCR.G3;Broadcast;6.516.743.689;98.945.264.867;125.443;-65.647;"0° 57' 14.33"" S";"100° 21' 47.22"" E";59.796;-11.471.804.255;62.732.355.078;-1.054.808.897;-;-;-;-;0.0000
cpdg;;Stored;Navigated;Iono Minimised;GPS/GLONASS;L1/L2;Static;01/14/2024 06:59:42;01/15/2024 06:59:12;23:59:30;0.0550;TPSCR.G3;Broadcast;6.516.745.160;98.945.263.559;122.170;-65.647;"0° 57' 14.33"" S";"100° 21' 47.23"" E";56.523;-11.471.805.110;62.732.351.573;-1.054.810.150;-;-;-;-;0.0000
cpdg;;Stored;Navigated;Iono Minimised;GPS/GLONASS;L1/L2;Static;01/15/2024 06:59:42;01/16/2024 06:59:12;23:59:30;0.0550;TPSCR.G3;Broadcast;6.516.741.116;98.945.263.315;123.270;-65.648;"0° 57' 14.33"" S";"100° 21' 47.21"" E";57.623;-11.471.801.328;62.732.353.378;-1.054.810.414;-;-;-;-;0.0000
cpdg;;Stored;Navigated;Iono Minimised;GPS/GLONASS;L1/L2;Static;01/16/2024 06:59:42;01/17/2024 06:59:12;23:59:30;0.0550;TPSCR.G3;Broadcast;6.516.741.449;98.945.263.280;131.851;-65.648;"0° 57' 14.33"" S";"100° 21' 47.22"" E";66.203;-11.471.803.200;62.732.361.757;-1.054.810.592;-;-;-;-;0.0000
cpdg;;Stored;Navigated;Iono Minimised;GPS/GLONASS;L1/L2;Static;01/17/2024 06:59:42;01/18/2024 06:59:12;23:59:30;0.0550;TPSCR.G3;Broadcast;6.516.742.734;98.945.264.907;124.301;-65.647;"0° 57' 14.33"" S";"100° 21' 47.22"" E";58.654;-11.471.803.110;62.732.354.127;-1.054.808.839;-;-;-;-;0.0000
cpdg;;Stored;Navigated;Iono Minimised;GPS/GLONASS;L1/L2;Static;01/18/2024 06:59:42;01/19/2024 06:59:12;23:59:30;0.0550;TPSCR.G3;Broadcast;6.516.742.545;98.945.263.614;124.007;-65.647;"0° 57' 14.33"" S";"100° 21' 47.22"" E";58.359;-11.471.802.868;62.732.353.850;-1.054.810.127;-;-;-;-;0.0000
cpdg;;Stored;Navigated;Iono Minimised;GPS/GLONASS;L1/L2;Static;01/19/2024 06:59:42;01/20/2024 06:59:12;23:59:30;0.0550;TPSCR.G3;Broadcast;6.516.740.428;98.945.263.880;120.717;-65.648;"0° 57' 14.33"" S";"100° 21' 47.21"" E";55.069;-11.471.800.194;62.732.351.000;-1.054.809.807;-;-;-;-;0.0000
cpdg;;Stored;Navigated;Iono Minimised;GPS/GLONASS;L1/L2;Static;01/20/2024 06:59:42;01/21/2024 06:59:12;23:59:30;0.0550;TPSCR.G3;Broadcast;6.516.739.701;98.945.264.379;135.478;-65.648;"0° 57' 14.33"" S";"100° 21' 47.21"" E";69.830;-11.471.802.135;62.732.365.657;-1.054.809.554;-;-;-;-;0.0000
cpdg;;Stored;Navigated;Iono Minimised;GPS/GLONASS;L1/L2;Static;01/21/2024 06:59:42;01/22/2024 06:59:12;23:59:30;0.0550;TPSCR.G3;Broadcast;6.516.739.572;98.945.265.929;129.143;-65.648;"0° 57' 14.32"" S";"100° 21' 47.21"" E";63.496;-11.471.800.873;62.732.359.475;-1.054.807.898;-;-;-;-;0.0000
cpdg;;Stored;Navigated;Iono Minimised;GPS/GLONASS;L1/L2;Static;01/22/2024 06:59:42;01/23/2024 06:59:12;23:59:30;0.0550;TPSCR.G3;Broadcast;6.516.741.221;98.945.264.458;126.427;-65.648;"0° 57' 14.33"" S";"100° 21' 47.22"" E";60.780;-11.471.802.002;62.732.356.483;-1.054.809.323;-;-;-;-;0.0000
cpdg;;Stored;Navigated;Iono Minimised;GPS/GLONASS;L1/L2;Static;01/23/2024 06:59:42;01/24/2024 06:59:12;23:59:30;0.0550;TPSCR.G3;Broadcast;6.516.740.195;98.945.264.165;121.549;-65.648;"0° 57' 14.33"" S";"100° 21' 47.21"" E";55.902;-11.471.800.116;62.732.351.865;-1.054.809.536;-;-;-;-;0.0000
cpdg;;Stored;Navigated;Iono Minimised;GPS/GLONASS;L1/L2;Static;01/24/2024 06:59:42;01/25/2024 06:59:12;23:59:30;0.0550;TPSCR.G3;Broadcast;6.516.739.980;98.945.264.601;130.780;-65.648;"0° 57' 14.33"" S";"100° 21' 47.21"" E";65.132;-11.471.801.565;62.732.360.989;-1.054.809.254;-;-;-;-;0.0000
cpdg;;Stored;Navigated;Iono Minimised;GPS/GLONASS;L1/L2;Static;01/25/2024 06:59:42;01/26/2024 06:59:12;23:59:30;0.0550;TPSCR.G3;Broadcast;6.516.739.865;98.945.263.834;122.821;-65.648;"0° 57' 14.33"" S";"100° 21' 47.21"" E";57.173;-11.471.800.019;62.732.353.170;-1.054.809.888;-;-;-;-;0.0000
cpdg;;Stored;Navigated;Iono Minimised;GPS/GLONASS;L1/L2;Static;01/26/2024 06:59:42;01/27/2024 06:59:12;23:59:30;0.0550;TPSCR.G3;Broadcast;6.516.741.467;98.945.263.149;120.849;-65.648;"0° 57' 14.33"" S";"100° 21' 47.22"" E";55.201;-11.471.801.238;62.732.350.930;-1.054.810.540;-;-;-;-;0.0000
cpdg;;Stored;Navigated;Iono Minimised;GPS/GLONASS;L1/L2;Static;01/27/2024 06:59:42;01/28/2024 06:59:12;23:59:30;0.0550;TPSCR.G3;Broadcast;6.516.738.734;98.945.263.059;119.911;-65.648;"0° 57' 14.33"" S";"100° 21' 47.21"" E";54.263;-11.471.798.380;62.732.350.498;-1.054.810.615;-;-;-;-;0.0000
cpdg;;Stored;Navigated;Iono Minimised;GPS/GLONASS;L1/L2;Static;01/28/2024 06:59:42;01/29/2024 06:59:12;23:59:30;0.0550;TPSCR.G3;Broadcast;6.516.740.177;98.945.263.741;134.700;-65.648;"0° 57' 14.33"" S";"100° 21' 47.21"" E";69.052;-11.471.802.462;62.732.364.795;-1.054.810.179;-;-;-;-;0.0000
cpdg;;Stored;Navigated;Iono Minimised;GPS/GLONASS;L1/L2;Static;01/29/2024 06:59:42;01/30/2024 06:59:12;23:59:30;0.0550;TPSCR.G3;Broadcast;6.516.739.638;98.945.266.519;123.466;-65.648;"0° 57' 14.32"" S";"100° 21' 47.21"" E";57.819;-11.471.799.918;62.732.353.889;-1.054.807.214;-;-;-;-;0.0000
cpdg;;Stored;Navigated;Iono Minimised;GPS/GLONASS;L1/L2;Static;01/30/2024 06:59:42;01/31/2024 06:59:12;23:59:30;0.0550;TPSCR.G3;Broadcast;6.516.741.254;98.945.264.561;124.409;-65.648;"0° 57' 14.33"" S";"100° 21' 47.22"" E";58.762;-11.471.801.672;62.732.354.494;-1.054.809.187;-;-;-;-;0.0000
cpdg;;Stored;Navigated;Iono Minimised;GPS/GLONASS;L1/L2;Static;01/31/2024 06:59:42;02/01/2024 06:59;23:59:30;0.0550;TPSCR.G3;Broadcast;6.516.739.262;98.945.264.378;121.599;-65.648;"0° 57' 14.33"" S";"100° 21' 47.21"" E";55.951;-11.471.799.206;62.732.352.085;-1.054.809.324;-;-;-;-;0.0000
cpdg;;Stored;Navigated;Iono Minimised;GPS/GLONASS;L1/L2;Static;02/01/2024 06:59;02/02/2024 06:59;23:59:30;0.0550;TPSCR.G3;Broadcast;6.516.740.109;98.945.263.488;131.769;-65.648;"0° 57' 14.33"" S";"100° 21' 47.21"" E";66.122;-11.471.801.867;62.732.361.921;-1.054.810.383;-;-;-;-;0.0000
cpdg;;Stored;Navigated;Iono Minimised;GPS/GLONASS;L1/L2;Static;02/02/2024 06:59;02/03/2024 06:59;23:59:30;0.0550;TPSCR.G3;Broadcast;6.516.741.135;98.945.264.463;128.238;-65.648;"0° 57' 14.33"" S";"100° 21' 47.21"" E";62.591;-11.471.802.244;62.732.358.280;-1.054.809.349;-;-;-;-;0.0000
cpdg;;Stored;Navigated;Iono Minimised;GPS/GLONASS;L1/L2;Static;02/03/2024 06:59;02/04/2024 06:59;23:59:30;0.0550;TPSCR.G3;Broadcast;6.516.740.672;98.945.263.366;123.542;-65.648;"0° 57' 14.33"" S";"100° 21' 47.21"" E";57.895;-11.471.800.941;62.732.353.726;-1.054.810.368;-;-;-;-;0.0000
cpdg;;Stored;Navigated;Iono Minimised;GPS/GLONASS;L1/L2;Static;02/04/2024 06:59;02/05/2024 06:59;23:59:30;0.0550;TPSCR.G3;Broadcast;6.516.739.874;98.945.264.016;119.365;-65.648;"0° 57' 14.33"" S";"100° 21' 47.21"" E";53.717;-11.471.799.406;62.732.349.771;-1.054.809.649;-;-;-;-;0.0000
cpdg;;Stored;Navigated;Iono Minimised;GPS/GLONASS;L1/L2;Static;02/05/2024 06:59;02/06/2024 06:59;23:59:30;0.0550;TPSCR.G3;Broadcast;6.516.738.538;98.945.264.182;137.473;-65.648;"0° 57' 14.33"" S";"100° 21' 47.21"" E";71.825;-11.471.801.349;62.732.367.824;-1.054.809.785;-;-;-;-;0.0000
cpdg;;Stored;Navigated;Iono Minimised;GPS/GLONASS;L1/L2;Static;02/06/2024 06:59;02/07/2024 06:59;23:59:30;0.0550;TPSCR.G3;Broadcast;6.516.740.395;98.945.264.997;124.826;-65.648;"0° 57' 14.32"" S";"100° 21' 47.21"" E";59.179;-11.471.800.903;62.732.355.066;-1.054.808.758;-;-;-;-;0.0000
cpdg;;Stored;Navigated;Iono Minimised;GPS/GLONASS;L1/L2;Static;02/07/2024 06:59;02/08/2024 06:59;23:59:30;0.0550;TPSCR.G3;Broadcast;6.516.741.441;98.945.263.143;122.185;-65.648;"0° 57' 14.33"" S";"100° 21' 47.22"" E";56.537;-11.471.801.453;62.732.352.249;-1.054.810.568;-;-;-;-;0.0000
cpdg;;Stored;Navigated;Iono Minimised;GPS/GLONASS;L1/L2;Static;02/08/2024 06:59;02/09/2024 06:59;23:59:30;0.0550;TPSCR.G3;Broadcast;6.516.739.640;98.945.263.320;120.418;-65.648;"0° 57' 14.33"" S";"100° 21' 47.21"" E";54.770;-11.471.799.363;62.732.350.838;-1.054.810.363;-;-;-;-;0.0000
cpdg;;Stored;Navigated;Iono Minimised;GPS/GLONASS;L1/L2;Static;02/09/2024 06:59;02/10/2024 06:59;23:59:30;0.0550;TPSCR.G3;Broadcast;6.516.738.987;98.945.263.971;129.453;-65.648;"0° 57' 14.33"" S";"100° 21' 47.21"" E";63.805;-11.471.800.348;62.732.359.852;-1.054.809.862;-;-;-;-;0.0000
cpdg;;Stored;Navigated;Iono Minimised;GPS/GLONASS;L1/L2;Static;02/10/2024 06:59;02/11/2024 06:59;23:59:30;0.0550;TPSCR.G3;Broadcast;6.516.741.691;98.945.263.501;123.572;-65.647;"0° 57' 14.33"" S";"100° 21' 47.22"" E";57.925;-11.471.801.949;62.732.353.574;-1.054.810.233;-;-;-;-;0.0000
cpdg;;Stored;Navigated;Iono Minimised;GPS/GLONASS;L1/L2;Static;02/11/2024 06:59;02/12/2024 06:59;23:59:30;0.0550;TPSCR.G3;Broadcast;6.516.740.223;98.945.262.486;117.856;-65.648;"0° 57' 14.33"" S";"100° 21' 47.21"" E";52.208;-11.471.799.474;62.732.348.199;-1.054.811.153;-;-;-;-;0.0000
cpdg;;Stored;Navigated;Iono Minimised;GPS/GLONASS;L1/L2;Static;02/12/2024 06:59;02/13/2024 06:59:12;23:59:30;0.0550;TPSCR.G3;Broadcast;6.516.740.519;98.945.263.147;120.421;-65.648;"0° 57' 14.33"" S";"100° 21' 47.21"" E";54.773;-11.471.800.228;62.732.350.680;-1.054.810.535;-;-;-;-;0.0000
cpdg;;Stored;Navigated;Iono Minimised;GPS/GLONASS;L1/L2;Static;02/13/2024 06:59:42;02/14/2024 06:59:12;23:59:30;0.0550;TPSCR.G3;Broadcast;6.516.738.914;98.945.263.947;133.539;-65.648;"0° 57' 14.33"" S";"100° 21' 47.21"" E";67.891;-11.471.801.011;62.732.363.884;-1.054.809.954;-;-;-;-;0.0000
cpdg;;Stored;Navigated;Iono Minimised;GPS/GLONASS;L1/L2;Static;02/14/2024 06:59:42;02/15/2024 06:59:12;23:59:30;0.0550;TPSCR.G3;Broadcast;6.516.742.718;98.945.264.013;128.498;-65.647;"0° 57' 14.33"" S";"100° 21' 47.22"" E";62.850;-11.471.803.847;62.732.358.243;-1.054.809.803;-;-;-;-;0.0000
cpdg;;Stored;Navigated;Iono Minimised;GPS/GLONASS;L1/L2;Static;02/15/2024 06:59:42;02/16/2024 06:59:12;23:59:30;0.0550;TPSCR.G3;Broadcast;6.516.741.993;98.945.264.182;130.332;-65.647;"0° 57' 14.33"" S";"100° 21' 47.22"" E";64.684;-11.471.803.464;62.732.360.180;-1.054.809.664;-;-;-;-;0.0000
cpdg;;Stored;Navigated;Iono Minimised;GPS/GLONASS;L1/L2;Static;02/16/2024 06:59:42;02/17/2024 06:59:12;23:59:30;0.0550;TPSCR.G3;Broadcast;6.516.739.853;98.945.264.109;125.671;-65.648;"0° 57' 14.33"" S";"100° 21' 47.21"" E";60.023;-11.471.800.520;62.732.355.979;-1.054.809.661;-;-;-;-;0.0000
cpdg;;Stored;Navigated;Iono Minimised;GPS/GLONASS;L1/L2;Static;02/17/2024 06:59:42;02/18/2024 06:59:12;23:59:30;0.0550;TPSCR.G3;Broadcast;6.516.740.412;98.945.264.014;130.882;-65.648;"0° 57' 14.33"" S";"100° 21' 47.21"" E";65.235;-11.471.802.007;62.732.361.003;-1.054.809.842;-;-;-;-;0.0000
cpdg;;Stored;Navigated;Iono Minimised;GPS/GLONASS;L1/L2;Static;02/18/2024 06:59:42;02/19/2024 06:59:12;23:59:30;0.0550;TPSCR.G3;Broadcast;6.516.742.681;98.945.263.485;128.193;-65.647;"0° 57' 14.33"" S";"100° 21' 47.22"" E";62.546;-11.471.803.755;62.732.357.941;-1.054.810.326;-;-;-;-;0.0000
cpdg;;Stored;Navigated;Iono Minimised;GPS/GLONASS;L1/L2;Static;02/19/2024 06:59:42;02/20/2024 06:59:12;23:59:30;0.0550;TPSCR.G3;Broadcast;6.516.739.805;98.945.262.726;124.351;-65.648;"0° 57' 14.33"" S";"100° 21' 47.21"" E";58.703;-11.471.800.232;62.732.354.667;-1.054.811.022;-;-;-;-;0.0000
cpdg;;Stored;Navigated;Iono Minimised;GPS/GLONASS;L1/L2;Static;02/20/2024 06:59:42;02/21/2024 06:59:12;23:59:30;0.0550;TPSCR.G3;Broadcast;6.516.740.999;98.945.262.939;129.399;-65.648;"0° 57' 14.33"" S";"100° 21' 47.21"" E";63.751;-11.471.802.314;62.732.359.421;-1.054.810.892;-;-;-;-;0.0000
cpdg;;Stored;Navigated;Iono Minimised;GPS/GLONASS;L1/L2;Static;02/21/2024 06:59:42;02/22/2024 06:59:12;23:59:30;0.0550;TPSCR.G3;Broadcast;6.516.740.336;98.945.264.852;136.612;-65.648;"0° 57' 14.33"" S";"100° 21' 47.21"" E";70.964;-11.471.802.964;62.732.366.665;-1.054.809.100;-;-;-;-;0.0000
cpdg;;Stored;Navigated;Iono Minimised;GPS/GLONASS;L1/L2;Static;02/22/2024 06:59:42;02/23/2024 06:59:12;23:59:30;0.0550;TPSCR.G3;Broadcast;6.516.743.718;98.945.264.562;129.190;-65.647;"0° 57' 14.33"" S";"100° 21' 47.22"" E";63.543;-11.471.804.956;62.732.358.753;-1.054.809.265;-;-;-;-;0.0000
cpdg;;Stored;Navigated;Iono Minimised;GPS/GLONASS;L1/L2;Static;02/23/2024 06:59:42;02/24/2024 06:59:12;23:59:30;0.0550;TPSCR.G3;Broadcast;6.516.740.692;98.945.263.273;124.733;-65.648;"0° 57' 14.33"" S";"100° 21' 47.21"" E";59.085;-11.471.801.174;62.732.354.892;-1.054.810.480;-;-;-;-;0.0000
cpdg;;Stored;Navigated;Iono Minimised;GPS/GLONASS;L1/L2;Static;02/24/2024 06:59:42;02/25/2024 06:59:12;23:59:30;0.0550;TPSCR.G3;Broadcast;6.516.740.027;98.945.263.621;121.286;-65.648;"0° 57' 14.33"" S";"100° 21' 47.21"" E";55.638;-11.471.799.901;62.732.351.627;-1.054.810.076;-;-;-;-;0.0000
cpdg;;Stored;Navigated;Iono Minimised;GPS/GLONASS;L1/L2;Static;02/25/2024 06:59:42;02/26/2024 06:59:12;23:59:30;0.0550;TPSCR.G3;Broadcast;6.516.740.804;98.945.263.358;130.546;-65.648;"0° 57' 14.33"" S";"100° 21' 47.21"" E";64.899;-11.471.802.331;62.732.360.591;-1.054.810.492;-;-;-;-;0.0000
cpdg;;Stored;Navigated;Iono Minimised;GPS/GLONASS;L1/L2;Static;02/26/2024 06:59:42;02/27/2024 06:59:12;23:59:30;0.0550;TPSCR.G3;Broadcast;6.516.742.018;98.945.263.670;125.648;-65.647;"0° 57' 14.33"" S";"100° 21' 47.22"" E";60.000;-11.471.802.644;62.732.355.560;-1.054.810.098;-;-;-;-;0.0000
cpdg;;Stored;Navigated;Iono Minimised;GPS/GLONASS;L1/L2;Static;02/27/2024 06:59:42;02/28/2024 06:59:12;23:59:30;0.0550;TPSCR.G3;Broadcast;6.516.738.279;98.945.263.241;120.242;-65.648;"0° 57' 14.33"" S";"100° 21' 47.21"" E";54.594;-11.471.797.993;62.732.350.908;-1.054.810.439;-;-;-;-;0.0000
cpdg;;Stored;Navigated;Iono Minimised;GPS/GLONASS;L1/L2;Static;02/28/2024 06:59:42;02/29/2024 06:59:12;23:59:30;0.0550;TPSCR.G3;Broadcast;6.516.739.437;98.945.263.701;122.374;-65.648;"0° 57' 14.33"" S";"100° 21' 47.21"" E";56.726;-11.471.799.517;62.732.352.805;-1.054.810.014;-;-;-;-;0.0000
cpdg;;Stored;Navigated;Iono Minimised;GPS/GLONASS;L1/L2;Static;02/29/2024 06:59:42;03/01/2024 06:59;23:59:30;0.0550;TPSCR.G3;Broadcast;6.516.739.084;98.945.264.073;134.723;-65.648;"0° 57' 14.33"" S";"100° 21' 47.21"" E";69.075;-11.471.801.392;62.732.365.020;-1.054.809.848;-;-;-;-;0.0000
cpdg;;Stored;Navigated;Iono Minimised;GPS/GLONASS;L1/L2;Static;03/01/2024 06:59;03/02/2024 06:59;23:59:30;0.0550;TPSCR.G3;Broadcast;6.516.741.610;98.945.263.441;130.398;-65.647;"0° 57' 14.33"" S";"100° 21' 47.22"" E";64.751;-11.471.803.096;62.732.360.302;-1.054.810.407;-;-;-;-;0.0000
cpdg;;Stored;Navigated;Iono Minimised;GPS/GLONASS;L1/L2;Static;03/02/2024 06:59;03/03/2024 06:59;23:59:30;0.0550;TPSCR.G3;Broadcast;6.516.740.996;98.945.262.578;123.218;-65.648;"0° 57' 14.33"" S";"100° 21' 47.21"" E";57.570;-11.471.801.199;62.732.353.336;-1.054.811.150;-;-;-;-;0.0000
cpdg;;Stored;Navigated;Iono Minimised;GPS/GLONASS;L1/L2;Static;03/03/2024 06:59;03/04/2024 06:59;23:59:30;0.0550;TPSCR.G3;Broadcast;6.516.737.281;98.945.262.222;130.191;-65.648;"0° 57' 14.33"" S";"100° 21' 47.20"" E";64.543;-11.471.798.798;62.732.360.856;-1.054.811.624;-;-;-;-;0.0000
cpdg;;Stored;Navigated;Iono Minimised;GPS/GLONASS;L1/L2;Static;03/04/2024 06:59;03/05/2024 06:59;23:59:30;0.0550;TPSCR.G3;Broadcast;6.516.739.617;98.945.263.602;130.008;-65.648;"0° 57' 14.33"" S";"100° 21' 47.21"" E";64.360;-11.471.801.066;62.732.360.279;-1.054.810.240;-;-;-;-;0.0000
cpdg;;Stored;Navigated;Iono Minimised;GPS/GLONASS;L1/L2;Static;03/05/2024 06:59;03/06/2024 06:59;23:59:30;0.0550;TPSCR.G3;Broadcast;6.516.744.322;98.945.262.295;131.899;-65.647;"0° 57' 14.33"" S";"100° 21' 47.23"" E";66.252;-11.471.806.032;62.732.361.272;-1.054.811.576;-;-;-;-;0.0000
cpdg;;Stored;Navigated;Iono Minimised;GPS/GLONASS;L1/L2;Static;03/06/2024 06:59;03/07/2024 06:59;23:59:30;0.0550;TPSCR.G3;Broadcast;6.516.741.690;98.945.263.723;126.322;-65.647;"0° 57' 14.33"" S";"100° 21' 47.22"" E";60.675;-11.471.802.443;62.732.356.283;-1.054.810.057;-;-;-;-;0.0000
cpdg;;Stored;Navigated;Iono Minimised;GPS/GLONASS;L1/L2;Static;03/07/2024 06:59;03/08/2024 06:59;23:59:30;0.0550;TPSCR.G3;Broadcast;6.516.740.395;98.945.265.122;126.806;-65.648;"0° 57' 14.32"" S";"100° 21' 47.21"" E";61.158;-11.471.801.259;62.732.357.015;-1.054.808.667;-;-;-;-;0.0000
cpdg;;Stored;Navigated;Iono Minimised;GPS/GLONASS;L1/L2;Static;03/08/2024 06:59;03/09/2024 06:59;23:59:30;0.0550;TPSCR.G3;Broadcast;6.516.742.439;98.945.263.805;135.469;-65.647;"0° 57' 14.33"" S";"100° 21' 47.22"" E";69.821;-11.471.804.825;62.732.365.146;-1.054.810.127;-;-;-;-;0.0000
cpdg;;Stored;Navigated;Iono Minimised;GPS/GLONASS;L1/L2;Static;03/09/2024 06:59;03/10/2024 06:59;23:59:30;0.0550;TPSCR.G3;Broadcast;6.516.743.044;98.945.263.832;131.734;-65.647;"0° 57' 14.33"" S";"100° 21' 47.22"" E";66.087;-11.471.804.749;62.732.361.365;-1.054.810.037;-;-;-;-;0.0000
cpdg;;Stored;Navigated;Iono Minimised;GPS/GLONASS;L1/L2;Static;03/10/2024 06:59;03/11/2024 06:59;23:59:30;0.0550;TPSCR.G3;Broadcast;6.516.740.800;98.945.263.400;122.947;-65.648;"0° 57' 14.33"" S";"100° 21' 47.21"" E";57.300;-11.471.800.960;62.732.353.119;-1.054.810.324;-;-;-;-;0.0000
cpdg;;Stored;Navigated;Iono Minimised;GPS/GLONASS;L1/L2;Static;03/11/2024 06:59;03/12/2024 06:59;23:59:30;0.0550;TPSCR.G3;Broadcast;6.516.739.392;98.945.263.892;122.366;-65.648;"0° 57' 14.33"" S";"100° 21' 47.21"" E";56.718;-11.471.799.471;62.732.352.808;-1.054.809.822;-;-;-;-;0.0000
cpdg;;Stored;Navigated;Iono Minimised;GPS/GLONASS;L1/L2;Static;03/12/2024 06:59;03/13/2024 06:59:12;23:59:30;0.0550;TPSCR.G3;Broadcast;6.516.742.625;98.945.263.338;131.056;-65.647;"0° 57' 14.33"" S";"100° 21' 47.22"" E";65.409;-11.471.804.213;62.732.360.765;-1.054.810.521;-;-;-;-;0.0000
cpdg;;Stored;Navigated;Iono Minimised;GPS/GLONASS;L1/L2;Static;03/13/2024 06:59:42;03/14/2024 06:59:12;23:59:30;0.0550;TPSCR.G3;Broadcast;6.516.741.685;98.945.263.910;120.627;-65.647;"0° 57' 14.33"" S";"100° 21' 47.22"" E";54.980;-11.471.801.415;62.732.350.686;-1.054.809.775;-;-;-;-;0.0000
cpdg;;Stored;Navigated;Iono Minimised;GPS/GLONASS;L1/L2;Static;03/14/2024 06:59:42;03/15/2024 06:59:12;23:59:30;0.0550;TPSCR.G3;Broadcast;6.516.739.904;98.945.262.691;118.199;-65.648;"0° 57' 14.33"" S";"100° 21' 47.21"" E";52.552;-11.471.799.223;62.732.348.598;-1.054.810.954;-;-;-;-;0.0000
cpdg;;Stored;Navigated;Iono Minimised;GPS/GLONASS;L1/L2;Static;03/15/2024 06:59:42;03/16/2024 06:59:12;23:59:30;0.0550;TPSCR.G3;Broadcast;6.516.740.934;98.945.264.004;123.234;-65.648;"0° 57' 14.33"" S";"100° 21' 47.21"" E";57.586;-11.471.801.144;62.732.353.386;-1.054.809.724;-;-;-;-;0.0000
cpdg;;Stored;Navigated;Iono Minimised;GPS/GLONASS;L1/L2;Static;03/16/2024 06:59:42;03/17/2024 06:59:12;23:59:30;0.0550;TPSCR.G3;Broadcast;6.516.740.556;98.945.263.006;134.891;-65.648;"0° 57' 14.33"" S";"100° 21' 47.21"" E";69.244;-11.471.802.867;62.732.364.903;-1.054.810.917;-;-;-;-;0.0000
cpdg;;Stored;Navigated;Iono Minimised;GPS/GLONASS;L1/L2;Static;03/17/2024 06:59:42;03/18/2024 06:59:12;23:59:30;0.0550;TPSCR.G3;Broadcast;6.516.743.404;98.945.263.578;124.804;-65.647;"0° 57' 14.33"" S";"100° 21' 47.22"" E";59.157;-11.471.803.856;62.732.354.480;-1.054.810.176;-;-;-;-;0.0000
cpdg;;Stored;Navigated;Iono Minimised;GPS/GLONASS;L1/L2;Static;03/18/2024 06:59:42;03/19/2024 06:59:12;23:59:30;0.0550;TPSCR.G3;Broadcast;6.516.741.728;98.945.263.338;120.937;-65.647;"0° 57' 14.33"" S";"100° 21' 47.22"" E";55.290;-11.471.801.511;62.732.350.974;-1.054.810.352;-;-;-;-;0.0000
cpdg;;Stored;Navigated;Iono Minimised;GPS/GLONASS;L1/L2;Static;03/19/2024 06:59:42;03/20/2024 06:59:12;23:59:30;0.0550;TPSCR.G3;Broadcast;6.516.740.776;98.945.262.678;120.463;-65.648;"0° 57' 14.33"" S";"100° 21' 47.21"" E";54.815;-11.471.800.487;62.732.350.667;-1.054.811.004;-;-;-;-;0.0000
cpdg;;Stored;Navigated;Iono Minimised;GPS/GLONASS;L1/L2;Static;03/20/2024 06:59:42;03/21/2024 06:59:12;23:59:30;0.0550;TPSCR.G3;Broadcast;6.516.738.795;98.945.263.414;124.543;-65.648;"0° 57' 14.33"" S";"100° 21' 47.21"" E";58.895;-11.471.799.274;62.732.355.048;-1.054.810.338;-;-;-;-;0.0000
cpdg;;Stored;Navigated;Iono Minimised;GPS/GLONASS;L1/L2;Static;03/21/2024 06:59:42;03/22/2024 06:59:12;23:59:30;0.0550;TPSCR.G3;Broadcast;6.516.740.345;98.945.265.098;125.044;-65.648;"0° 57' 14.32"" S";"100° 21' 47.21"" E";59.396;-11.471.800.893;62.732.355.290;-1.054.808.661;-;-;-;-;0.0000
cpdg;;Stored;Navigated;Iono Minimised;GPS/GLONASS;L1/L2;Static;03/22/2024 06:59:42;03/23/2024 06:59:12;23:59:30;0.0550;TPSCR.G3;Broadcast;6.516.741.780;98.945.264.151;119.234;-65.647;"0° 57' 14.33"" S";"100° 21' 47.22"" E";53.586;-11.471.801.258;62.732.349.302;-1.054.809.511;-;-;-;-;0.0000
cpdg;;Stored;Navigated;Iono Minimised;GPS/GLONASS;L1/L2;Static;03/23/2024 06:59:42;03/24/2024 06:59:12;23:59:30;0.0550;TPSCR.G3;Broadcast;6.516.741.015;98.945.263.465;127.193;-65.648;"0° 57' 14.33"" S";"100° 21' 47.21"" E";61.545;-11.471.801.935;62.732.357.257;-1.054.810.329;-;-;-;-;0.0000
cpdg;;Stored;Navigated;Iono Minimised;GPS/GLONASS;L1/L2;Static;03/24/2024 06:59:42;03/25/2024 06:59:12;23:59:30;0.0550;TPSCR.G3;Broadcast;6.516.741.257;98.945.263.514;136.366;-65.648;"0° 57' 14.33"" S";"100° 21' 47.22"" E";70.718;-11.471.803.823;62.732.366.236;-1.054.810.433;-;-;-;-;0.0000
cpdg;;Stored;Navigated;Iono Minimised;GPS/GLONASS;L1/L2;Static;03/25/2024 06:59:42;03/26/2024 06:59:12;23:59:30;0.0550;TPSCR.G3;Broadcast;6.516.743.604;98.945.263.499;131.033;-65.647;"0° 57' 14.33"" S";"100° 21' 47.22"" E";65.385;-11.471.805.173;62.732.360.568;-1.054.810.359;-;-;-;-;0.0000
cpdg;;Stored;Navigated;Iono Minimised;GPS/GLONASS;L1/L2;Static;03/26/2024 06:59:42;03/27/2024 06:59:12;23:59:30;0.0550;TPSCR.G3;Broadcast;6.516.740.260;98.945.263.247;118.566;-65.648;"0° 57' 14.33"" S";"100° 21' 47.21"" E";52.919;-11.471.799.640;62.732.348.904;-1.054.810.405;-;-;-;-;0.0000
cpdg;;Stored;Navigated;Iono Minimised;GPS/GLONASS;L1/L2;Static;03/27/2024 06:59:42;03/28/2024 06:59:12;23:59:30;0.0550;TPSCR.G3;Broadcast;6.516.740.406;98.945.263.852;122.588;-65.648;"0° 57' 14.33"" S";"100° 21' 47.21"" E";56.940;-11.471.800.509;62.732.352.843;-1.054.809.866;-;-;-;-;0.0000
cpdg;;Stored;Navigated;Iono Minimised;GPS/GLONASS;L1/L2;Static;03/28/2024 06:59:42;03/29/2024 06:59:12;23:59:30;0.0550;TPSCR.G3;Broadcast;6.516.741.439;98.945.263.045;132.172;-65.648;"0° 57' 14.33"" S";"100° 21' 47.22"" E";66.524;-11.471.803.247;62.732.362.071;-1.054.810.832;-;-;-;-;0.0000
cpdg;;Stored;Navigated;Iono Minimised;GPS/GLONASS;L1/L2;Static;03/29/2024 06:59:42;03/30/2024 06:59:12;23:59:30;0.0550;TPSCR.G3;Broadcast;6.516.741.105;98.945.264.147;125.543;-65.648;"0° 57' 14.33"" S";"100° 21' 47.21"" E";59.895;-11.471.801.729;62.732.355.628;-1.054.809.620;-;-;-;-;0.0000
cpdg;;Stored;Navigated;Iono Minimised;GPS/GLONASS;L1/L2;Static;03/30/2024 06:59:42;03/31/2024 06:59:12;23:59:30;0.0550;TPSCR.G3;Broadcast;6.516.740.187;98.945.263.805;124.077;-65.648;"0° 57' 14.33"" S";"100° 21' 47.21"" E";58.429;-11.471.800.561;62.732.354.347;-1.054.809.938;-;-;-;-;0.0000
cpdg;;Stored;Navigated;Iono Minimised;GPS/GLONASS;L1/L2;Static;03/31/2024 06:59:42;04/01/2024 06:59;23:59:30;0.0550;TPSCR.G3;Broadcast;6.516.740.722;98.945.264.188;124.973;-65.648;"0° 57' 14.33"" S";"100° 21' 47.21"" E";59.325;-11.471.801.249;62.732.355.138;-1.054.809.570;-;-;-;-;0.0000
cpdg;;Stored;Navigated;Iono Minimised;GPS/GLONASS;L1/L2;Static;04/01/2024 06:59;04/02/2024 06:59;23:59:30;0.0550;TPSCR.G3;Broadcast;6.516.742.356;98.945.263.265;142.131;-65.647;"0° 57' 14.33"" S";"100° 21' 47.22"" E";76.484;-11.471.805.941;62.732.371.705;-1.054.810.777;-;-;-;-;0.0000
cpdg;;Stored;Navigated;Iono Minimised;GPS/GLONASS;L1/L2;Static;04/02/2024 06:59;04/03/2024 06:59;23:59:30;0.0550;TPSCR.G3;Broadcast;6.516.743.356;98.945.264.198;132.280;-65.647;"0° 57' 14.33"" S";"100° 21' 47.22"" E";66.633;-11.471.805.155;62.732.361.851;-1.054.809.681;-;-;-;-;0.0000
cpdg;;Stored;Navigated;Iono Minimised;GPS/GLONASS;L1/L2;Static;04/03/2024 06:59;04/04/2024 06:59;23:59:30;0.0550;TPSCR.G3;Broadcast;6.516.743.112;98.945.263.548;121.887;-65.647;"0° 57' 14.33"" S";"100° 21' 47.22"" E";56.240;-11.471.803.044;62.732.351.662;-1.054.810.157;-;-;-;-;0.0000
cpdg;;Stored;Navigated;Iono Minimised;GPS/GLONASS;L1/L2;Static;04/04/2024 06:59;04/05/2024 06:59;23:59:30;0.0550;TPSCR.G3;Broadcast;6.516.743.109;98.945.264.418;124.606;-65.647;"0° 57' 14.33"" S";"100° 21' 47.22"" E";58.959;-11.471.803.533;62.732.354.351;-1.054.809.333;-;-;-;-;0.0000
cpdg;;Stored;Navigated;Iono Minimised;GPS/GLONASS;L1/L2;Static;04/05/2024 06:59;04/06/2024 06:59;23:59:30;0.0550;TPSCR.G3;Broadcast;6.516.741.506;98.945.262.998;130.179;-65.648;"0° 57' 14.33"" S";"100° 21' 47.22"" E";64.532;-11.471.802.954;62.732.360.098;-1.054.810.846;-;-;-;-;0.0000
cpdg;;Stored;Navigated;Iono Minimised;GPS/GLONASS;L1/L2;Static;04/06/2024 06:59;04/07/2024 06:59;23:59:30;0.0550;TPSCR.G3;Broadcast;6.516.744.085;98.945.262.792;126.308;-65.647;"0° 57' 14.33"" S";"100° 21' 47.22"" E";60.661;-11.471.804.794;62.732.355.824;-1.054.810.986;-;-;-;-;0.0000
cpdg;;Stored;Navigated;Iono Minimised;GPS/GLONASS;L1/L2;Static;04/07/2024 06:59;04/08/2024 06:59;23:59:30;0.0550;TPSCR.G3;Broadcast;6.516.742.483;98.945.263.495;122.163;-65.647;"0° 57' 14.33"" S";"100° 21' 47.22"" E";56.516;-11.471.802.475;62.732.352.046;-1.054.810.215;-;-;-;-;0.0000
cpdg;;Stored;Navigated;Iono Minimised;GPS/GLONASS;L1/L2;Static;04/08/2024 06:59;04/09/2024 06:59;23:59:30;0.0550;TPSCR.G3;Broadcast;6.516.740.393;98.945.263.170;125.510;-65.648;"0° 57' 14.33"" S";"100° 21' 47.21"" E";59.863;-11.471.801.020;62.732.355.709;-1.054.810.597;-;-;-;-;0.0000
cpdg;;Stored;Navigated;Iono Minimised;GPS/GLONASS;L1/L2;Static;04/09/2024 06:59;04/10/2024 06:59;23:59:30;0.0550;TPSCR.G3;Broadcast;6.516.741.915;98.945.263.810;142.158;-65.647;"0° 57' 14.33"" S";"100° 21' 47.22"" E";76.510;-11.471.805.513;62.732.371.819;-1.054.810.233;-;-;-;-;0.0000
cpdg;;Stored;Navigated;Iono Minimised;GPS/GLONASS;L1/L2;Static;04/10/2024 06:59;04/11/2024 06:59;23:59:30;0.0550;TPSCR.G3;Broadcast;6.516.745.967;98.945.263.870;130.940;-65.647;"0° 57' 14.33"" S";"100° 21' 47.23"" E";65.294;-11.471.807.482;62.732.360.059;-1.054.809.985;-;-;-;-;0.0000
cpdg;;Stored;Navigated;Iono Minimised;GPS/GLONASS;L1/L2;Static;04/11/2024 06:59;04/12/2024 06:59;23:59:30;0.0550;TPSCR.G3;Broadcast;6.516.741.769;98.945.262.859;122.229;-65.647;"0° 57' 14.33"" S";"100° 21' 47.22"" E";56.582;-11.471.801.783;62.732.352.229;-1.054.810.853;-;-;-;-;0.0000
cpdg;;Stored;Navigated;Iono Minimised;GPS/GLONASS;L1/L2;Static;04/12/2024 06:59;04/13/2024 06:59:12;23:59:30;0.0550;TPSCR.G3;Broadcast;6.516.740.726;98.945.263.749;127.271;-65.648;"0° 57' 14.33"" S";"100° 21' 47.21"" E";61.623;-11.471.801.666;62.732.357.390;-1.054.810.047;-;-;-;-;0.0000
cpdg;;Stored;Navigated;Iono Minimised;GPS/GLONASS;L1/L2;Static;04/13/2024 06:59:42;04/14/2024 06:59:12;23:59:30;0.0550;TPSCR.G3;Broadcast;6.516.740.403;98.945.264.022;129.658;-65.648;"0° 57' 14.33"" S";"100° 21' 47.21"" E";64.010;-11.471.801.778;62.732.359.800;-1.054.809.814;-;-;-;-;0.0000
cpdg;;Stored;Navigated;Iono Minimised;GPS/GLONASS;L1/L2;Static;04/14/2024 06:59:42;04/15/2024 06:59:12;23:59:30;0.0550;TPSCR.G3;Broadcast;6.516.742.953;98.945.263.387;128.050;-65.647;"0° 57' 14.33"" S";"100° 21' 47.22"" E";62.403;-11.471.803.996;62.732.357.750;-1.054.810.421;-;-;-;-;0.0000
cpdg;;Stored;Navigated;Iono Minimised;GPS/GLONASS;L1/L2;Static;04/15/2024 06:59:42;04/16/2024 06:59:12;23:59:30;0.0550;TPSCR.G3;Broadcast;6.516.739.661;98.945.264.532;124.207;-65.648;"0° 57' 14.33"" S";"100° 21' 47.21"" E";58.559;-11.471.800.069;62.732.354.581;-1.054.809.213;-;-;-;-;0.0000
cpdg;;Stored;Navigated;Iono Minimised;GPS/GLONASS;L1/L2;Static;04/16/2024 06:59:42;04/17/2024 06:59:12;23:59:30;0.0550;TPSCR.G3;Broadcast;6.516.742.050;98.945.264.634;126.511;-65.647;"0° 57' 14.33"" S";"100° 21' 47.22"" E";60.864;-11.471.802.834;62.732.356.420;-1.054.809.149;-;-;-;-;0.0000
cpdg;;Stored;Navigated;Iono Minimised;GPS/GLONASS;L1/L2;Static;04/17/2024 06:59:42;04/18/2024 06:59:12;23:59:30;0.0550;TPSCR.G3;Broadcast;6.516.742.796;98.945.263.201;138.000;-65.647;"0° 57' 14.33"" S";"100° 21' 47.22"" E";72.353;-11.471.805.630;62.732.367.562;-1.054.810.772;-;-;-;-;0.0000
cpdg;;Stored;Navigated;Iono Minimised;GPS/GLONASS;L1/L2;Static;04/18/2024 06:59:42;04/19/2024 06:59:12;23:59:30;0.0550;TPSCR.G3;Broadcast;6.516.743.851;98.945.263.825;130.028;-65.647;"0° 57' 14.33"" S";"100° 21' 47.22"" E";64.380;-11.471.805.236;62.732.359.541;-1.054.810.015;-;-;-;-;0.0000
cpdg;;Stored;Navigated;Iono Minimised;GPS/GLONASS;L1/L2;Static;04/19/2024 06:59:42;04/20/2024 06:59:12;23:59:30;0.0550;TPSCR.G3;Broadcast;6.516.743.322;98.945.262.955;119.819;-65.647;"0° 57' 14.33"" S";"100° 21' 47.22"" E";54.172;-11.471.802.877;62.732.349.581;-1.054.810.716;-;-;-;-;0.0000
cpdg;;Stored;Navigated;Iono Minimised;GPS/GLONASS;L1/L2;Static;04/20/2024 06:59:42;04/21/2024 06:59:12;23:59:30;0.0550;TPSCR.G3;Broadcast;6.516.740.172;98.945.262.465;125.832;-65.648;"0° 57' 14.33"" S";"100° 21' 47.21"" E";60.185;-11.471.800.858;62.732.356.054;-1.054.811.308;-;-;-;-;0.0000
cpdg;;Stored;Navigated;Iono Minimised;GPS/GLONASS;L1/L2;Static;04/21/2024 06:59:42;04/22/2024 06:59:12;23:59:30;0.0550;TPSCR.G3;Broadcast;6.516.742.647;98.945.262.556;135.083;-65.647;"0° 57' 14.33"" S";"100° 21' 47.22"" E";69.436;-11.471.804.958;62.732.364.709;-1.054.811.369;-;-;-;-;0.0000
cpdg;;Stored;Navigated;Iono Minimised;GPS/GLONASS;L1/L2;Static;04/22/2024 06:59:42;04/23/2024 06:59:12;23:59:30;0.0550;TPSCR.G3;Broadcast;6.516.743.962;98.945.263.866;125.257;-65.647;"0° 57' 14.33"" S";"100° 21' 47.22"" E";59.609;-11.471.804.487;62.732.354.829;-1.054.809.895;-;-;-;-;0.0000
cpdg;;Stored;Navigated;Iono Minimised;GPS/GLONASS;L1/L2;Static;04/23/2024 06:59:42;04/24/2024 06:59:12;23:59:30;0.0550;TPSCR.G3;Broadcast;6.516.740.785;98.945.262.874;124.954;-65.648;"0° 57' 14.33"" S";"100° 21' 47.21"" E";59.306;-11.471.801.305;62.732.355.086;-1.054.810.883;-;-;-;-;0.0000
cpdg;;Stored;Navigated;Iono Minimised;GPS/GLONASS;L1/L2;Static;04/24/2024 06:59:42;04/25/2024 06:59:12;23:59:30;0.0550;TPSCR.G3;Broadcast;6.516.741.668;98.945.263.254;127.126;-65.647;"0° 57' 14.33"" S";"100° 21' 47.22"" E";61.479;-11.471.802.565;62.732.357.070;-1.054.810.539;-;-;-;-;0.0000
cpdg;;Stored;Navigated;Iono Minimised;GPS/GLONASS;L1/L2;Static;04/25/2024 06:59:42;04/26/2024 06:59:12;23:59:30;0.0550;TPSCR.G3;Broadcast;6.516.741.308;98.945.263.431;142.188;-65.648;"0° 57' 14.33"" S";"100° 21' 47.22"" E";76.541;-11.471.804.920;62.732.371.952;-1.054.810.613;-;-;-;-;0.0000
cpdg;;Stored;Navigated;Iono Minimised;GPS/GLONASS;L1/L2;Static;04/26/2024 06:59:42;04/27/2024 06:59:12;23:59:30;0.0550;TPSCR.G3;Broadcast;6.516.743.426;98.945.264.446;130.019;-65.647;"0° 57' 14.33"" S";"100° 21' 47.22"" E";64.372;-11.471.804.818;62.732.359.619;-1.054.809.395;-;-;-;-;0.0000
cpdg;;Stored;Navigated;Iono Minimised;GPS/GLONASS;L1/L2;Static;04/27/2024 06:59:42;04/28/2024 06:59:12;23:59:30;0.0550;TPSCR.G3;Broadcast;6.516.740.428;98.945.262.978;123.480;-65.648;"0° 57' 14.33"" S";"100° 21' 47.21"" E";57.832;-11.471.800.689;62.732.353.702;-1.054.810.755;-;-;-;-;0.0000
cpdg;;Stored;Navigated;Iono Minimised;GPS/GLONASS;L1/L2;Static;04/28/2024 06:59:42;04/29/2024 06:59:12;23:59:30;0.0550;TPSCR.G3;Broadcast;6.516.742.347;98.945.262.348;124.968;-65.647;"0° 57' 14.33"" S";"100° 21' 47.22"" E";59.321;-11.471.802.843;62.732.354.810;-1.054.811.409;-;-;-;-;0.0000
cpdg;;Stored;Navigated;Iono Minimised;GPS/GLONASS;L1/L2;Static;04/29/2024 06:59:42;04/30/2024 06:59:12;23:59:30;0.0550;TPSCR.G3;Broadcast;6.516.740.211;98.945.262.982;130.444;-65.648;"0° 57' 14.33"" S";"100° 21' 47.21"" E";64.796;-11.471.801.727;62.732.360.591;-1.054.810.867;-;-;-;-;0.0000
cpdg;;Stored;Navigated;Iono Minimised;GPS/GLONASS;L1/L2;Static;04/30/2024 06:59:42;05/01/2024 06:59;23:59:30;0.0550;TPSCR.G3;Broadcast;6.516.744.664;98.945.263.218;123.962;-65.647;"0° 57' 14.33"" S";"100° 21' 47.23"" E";58.315;-11.471.804.944;62.732.353.419;-1.054.810.522;-;-;-;-;0.0000
cpdg;;Stored;Navigated;Iono Minimised;GPS/GLONASS;L1/L2;Static;05/01/2024 06:59;05/02/2024 06:59;23:59:30;0.0550;TPSCR.G3;Broadcast;6.516.738.982;98.945.264.188;124.960;-65.648;"0° 57' 14.33"" S";"100° 21' 47.21"" E";59.313;-11.471.799.536;62.732.355.438;-1.054.809.570;-;-;-;-;0.0000
cpdg;;Stored;Navigated;Iono Minimised;GPS/GLONASS;L1/L2;Static;05/02/2024 06:59;05/03/2024 06:59;23:59:30;0.0550;TPSCR.G3;Broadcast;6.516.742.959;98.945.262.275;124.140;-65.647;"0° 57' 14.33"" S";"100° 21' 47.22"" E";58.493;-11.471.803.295;62.732.353.885;-1.054.811.468;-;-;-;-;0.0000
cpdg;;Stored;Navigated;Iono Minimised;GPS/GLONASS;L1/L2;Static;05/03/2024 06:59;05/04/2024 06:59;23:59:30;0.0550;TPSCR.G3;Broadcast;6.516.743.206;98.945.263.075;139.514;-65.647;"0° 57' 14.33"" S";"100° 21' 47.22"" E";73.867;-11.471.806.305;62.732.368.975;-1.054.810.924;-;-;-;-;0.0000
cpdg;;Stored;Navigated;Iono Minimised;GPS/GLONASS;L1/L2;Static;05/04/2024 06:59;05/05/2024 06:59;23:59:30;0.0550;TPSCR.G3;Broadcast;6.516.744.779;98.945.263.451;129.836;-65.647;"0° 57' 14.33"" S";"100° 21' 47.23"" E";64.189;-11.471.806.114;62.732.359.179;-1.054.810.386;-;-;-;-;0.0000
cpdg;;Stored;Navigated;Iono Minimised;GPS/GLONASS;L1/L2;Static;05/05/2024 06:59;05/06/2024 06:59;23:59:30;0.0550;TPSCR.G3;Broadcast;6.516.739.286;98.945.263.165;123.133;-65.648;"0° 57' 14.33"" S";"100° 21' 47.21"" E";57.485;-11.471.799.503;62.732.353.569;-1.054.810.562;-;-;-;-;0.0000
cpdg;;Stored;Navigated;Iono Minimised;GPS/GLONASS;L1/L2;Static;05/06/2024 06:59;05/07/2024 06:59;23:59:30;0.0550;TPSCR.G3;Broadcast;6.516.740.087;98.945.262.748;125.142;-65.648;"0° 57' 14.33"" S";"100° 21' 47.21"" E";59.495;-11.471.800.652;62.732.355.395;-1.054.811.012;-;-;-;-;0.0000
cpdg;;Stored;Navigated;Iono Minimised;GPS/GLONASS;L1/L2;Static;05/07/2024 06:59;05/08/2024 06:59;23:59:30;0.0550;TPSCR.G3;Broadcast;6.516.739.693;98.945.263.069;133.539;-65.648;"0° 57' 14.33"" S";"100° 21' 47.21"" E";67.892;-11.471.801.775;62.732.363.730;-1.054.810.832;-;-;-;-;0.0000
cpdg;;Stored;Navigated;Iono Minimised;GPS/GLONASS;L1/L2;Static;05/08/2024 06:59;05/09/2024 06:59;23:59:30;0.0550;TPSCR.G3;Broadcast;6.516.741.819;98.945.264.117;126.899;-65.647;"0° 57' 14.33"" S";"100° 21' 47.22"" E";61.251;-11.471.802.675;62.732.356.834;-1.054.809.672;-;-;-;-;0.0000
cpdg;;Stored;Navigated;Iono Minimised;GPS/GLONASS;L1/L2;Static;05/09/2024 06:59;05/10/2024 06:59;23:59:30;0.0550;TPSCR.G3;Broadcast;6.516.740.634;98.945.264.296;123.315;-65.648;"0° 57' 14.33"" S";"100° 21' 47.21"" E";57.667;-11.471.800.865;62.732.353.524;-1.054.809.434;-;-;-;-;0.0000
cpdg;;Stored;Navigated;Iono Minimised;GPS/GLONASS;L1/L2;Static;05/10/2024 06:59;05/11/2024 06:59;23:59:30;0.0550;TPSCR.G3;Broadcast;6.516.742.453;98.945.263.021;126.063;-65.647;"0° 57' 14.33"" S";"100° 21' 47.22"" E";60.416;-11.471.803.146;62.732.355.879;-1.054.810.754;-;-;-;-;0.0000
cpdg;;Stored;Navigated;Iono Minimised;GPS/GLONASS;L1/L2;Static;05/11/2024 06:59;05/12/2024 06:59;23:59:30;0.0550;TPSCR.G3;Broadcast;6.516.740.285;98.945.263.452;131.113;-65.648;"0° 57' 14.33"" S";"100° 21' 47.21"" E";65.465;-11.471.801.922;62.732.361.243;-1.054.810.408;-;-;-;-;0.0000
cpdg;;Stored;Navigated;Iono Minimised;GPS/GLONASS;L1/L2;Static;05/12/2024 06:59;05/13/2024 06:59:12;23:59:30;0.0550;TPSCR.G3;Broadcast;6.516.744.232;98.945.263.019;132.235;-65.647;"0° 57' 14.33"" S";"100° 21' 47.22"" E";66.588;-11.471.806.006;62.732.361.630;-1.054.810.858;-;-;-;-;0.0000
cpdg;;Stored;Navigated;Iono Minimised;GPS/GLONASS;L1/L2;Static;05/13/2024 06:59:42;05/14/2024 06:59:12;23:59:30;0.0550;TPSCR.G3;Broadcast;6.516.737.708;98.945.264.111;118.524;-65.648;"0° 57' 14.33"" S";"100° 21' 47.20"" E";52.876;-11.471.797.124;62.732.349.336;-1.054.809.541;-;-;-;-;0.0000
cpdg;;Stored;Navigated;Iono Minimised;GPS/GLONASS;L1/L2;Static;05/14/2024 06:59:42;05/15/2024 06:59:12;23:59:30;0.0550;TPSCR.G3;Broadcast;6.516.741.622;98.945.261.660;126.926;-65.648;"0° 57' 14.34"" S";"100° 21' 47.22"" E";61.278;-11.471.802.479;62.732.356.855;-1.054.812.130;-;-;-;-;0.0000
cpdg;;Stored;Navigated;Iono Minimised;GPS/GLONASS;L1/L2;Static;05/15/2024 06:59:42;05/16/2024 06:59:12;23:59:30;0.0550;TPSCR.G3;Broadcast;6.516.740.127;98.945.263.136;129.643;-65.648;"0° 57' 14.33"" S";"100° 21' 47.21"" E";63.996;-11.471.801.502;62.732.359.821;-1.054.810.700;-;-;-;-;0.0000
cpdg;;Stored;Navigated;Iono Minimised;GPS/GLONASS;L1/L2;Static;05/16/2024 06:59:42;05/17/2024 06:59:12;23:59:30;0.0550;TPSCR.G3;Broadcast;6.516.740.557;98.945.264.270;130.392;-65.648;"0° 57' 14.33"" S";"100° 21' 47.21"" E";64.745;-11.471.802.062;62.732.360.499;-1.054.809.578;-;-;-;-;0.0000
cpdg;;Stored;Navigated;Iono Minimised;GPS/GLONASS;L1/L2;Static;05/17/2024 06:59:42;05/18/2024 06:59:12;23:59:30;0.0550;TPSCR.G3;Broadcast;6.516.739.202;98.945.263.648;126.063;-65.648;"0° 57' 14.33"" S";"100° 21' 47.21"" E";60.415;-11.471.799.948;62.732.356.474;-1.054.810.129;-;-;-;-;0.0000
cpdg;;Stored;Navigated;Iono Minimised;GPS/GLONASS;L1/L2;Static;05/18/2024 06:59:42;05/19/2024 06:59:12;23:59:30;0.0550;TPSCR.G3;Broadcast;6.516.743.650;98.945.262.532;124.308;-65.647;"0° 57' 14.33"" S";"100° 21' 47.22"" E";58.661;-11.471.804.006;62.732.353.930;-1.054.811.213;-;-;-;-;0.0000
cpdg;;Stored;Navigated;Iono Minimised;GPS/GLONASS;L1/L2;Static;05/19/2024 06:59:42;05/20/2024 06:59:12;23:59:30;0.0550;TPSCR.G3;Broadcast;6.516.741.956;98.945.264.736;137.086;-65.647;"0° 57' 14.33"" S";"100° 21' 47.22"" E";71.438;-11.471.804.643;62.732.366.839;-1.054.809.223;-;-;-;-;0.0000
cpdg;;Stored;Navigated;Iono Minimised;GPS/GLONASS;L1/L2;Static;05/20/2024 06:59:42;05/21/2024 06:59:12;23:59:30;0.0550;TPSCR.G3;Broadcast;6.516.743.616;98.945.263.559;131.827;-65.647;"0° 57' 14.33"" S";"100° 21' 47.22"" E";66.179;-11.471.805.328;62.732.361.348;-1.054.810.311;-;-;-;-;0.0000
cpdg;;Stored;Navigated;Iono Minimised;GPS/GLONASS;L1/L2;Static;05/21/2024 06:59:42;05/22/2024 06:59:12;23:59:30;0.0550;TPSCR.G3;Broadcast;6.516.740.031;98.945.262.956;125.776;-65.648;"0° 57' 14.33"" S";"100° 21' 47.21"" E";60.128;-11.471.800.711;62.732.356.031;-1.054.810.816;-;-;-;-;0.0000
cpdg;;Stored;Navigated;Iono Minimised;GPS/GLONASS;L1/L2;Static;05/22/2024 06:59:42;05/23/2024 06:59:12;23:59:30;0.0550;TPSCR.G3;Broadcast;6.516.741.479;98.945.261.738;124.889;-65.648;"0° 57' 14.34"" S";"100° 21' 47.22"" E";59.241;-11.471.801.972;62.732.354.879;-1.054.812.018;-;-;-;-;0.0000
cpdg;;Stored;Navigated;Iono Minimised;GPS/GLONASS;L1/L2;Static;05/23/2024 06:59:42;05/24/2024 06:59:12;23:59:30;0.0550;TPSCR.G3;Broadcast;6.516.741.491;98.945.262.430;126.235;-65.648;"0° 57' 14.33"" S";"100° 21' 47.22"" E";60.588;-11.471.802.228;62.732.356.212;-1.054.811.348;-;-;-;-;0.0000
cpdg;;Stored;Navigated;Iono Minimised;GPS/GLONASS;L1/L2;Static;05/24/2024 06:59:42;05/25/2024 06:59:12;23:59:30;0.0550;TPSCR.G3;Broadcast;6.516.742.222;98.945.263.407;125.772;-65.647;"0° 57' 14.33"" S";"100° 21' 47.22"" E";60.125;-11.471.802.867;62.732.355.642;-1.054.810.364;-;-;-;-;0.0000
cpdg;;Stored;Navigated;Iono Minimised;GPS/GLONASS;L1/L2;Static;05/25/2024 06:59:42;05/26/2024 06:59:12;23:59:30;0.0550;TPSCR.G3;Broadcast;6.516.741.814;98.945.262.505;118.209;-65.647;"0° 57' 14.33"" S";"100° 21' 47.22"" E";52.562;-11.471.801.103;62.732.348.261;-1.054.811.139;-;-;-;-;0.0000
cpdg;;Stored;Navigated;Iono Minimised;GPS/GLONASS;L1/L2;Static;05/26/2024 06:59:42;05/27/2024 06:59:12;23:59:30;0.0550;TPSCR.G3;Broadcast;6.516.741.636;98.945.263.638;128.298;-65.647;"0° 57' 14.33"" S";"100° 21' 47.22"" E";62.651;-11.471.802.746;62.732.358.235;-1.054.810.175;-;-;-;-;0.0000
cpdg;;Stored;Navigated;Iono Minimised;GPS/GLONASS;L1/L2;Static;05/27/2024 06:59:42;05/28/2024 06:59:12;23:59:30;0.0550;TPSCR.G3;Broadcast;6.516.742.247;98.945.263.622;135.335;-65.647;"0° 57' 14.33"" S";"100° 21' 47.22"" E";69.688;-11.471.804.612;62.732.365.046;-1.054.810.307;-;-;-;-;0.0000
cpdg;;Stored;Navigated;Iono Minimised;GPS/GLONASS;L1/L2;Static;05/28/2024 06:59:42;05/29/2024 06:59:12;23:59:30;0.0550;TPSCR.G3;Broadcast;6.516.744.238;98.945.262.400;125.682;-65.647;"0° 57' 14.33"" S";"100° 21' 47.22"" E";60.035;-11.471.804.831;62.732.355.174;-1.054.811.368;-;-;-;-;0.0000
cpdg;;Stored;Navigated;Iono Minimised;GPS/GLONASS;L1/L2;Static;05/29/2024 06:59:42;05/30/2024 06:59:12;23:59:30;0.0550;TPSCR.G3;Broadcast;6.516.740.793;98.945.261.447;119.392;-65.648;"0° 57' 14.34"" S";"100° 21' 47.21"" E";53.745;-11.471.800.308;62.732.349.591;-1.054.812.217;-;-;-;-;0.0000
cpdg;;Stored;Navigated;Iono Minimised;GPS/GLONASS;L1/L2;Static;05/30/2024 06:59:42;05/31/2024 06:59:12;23:59:30;0.0550;TPSCR.G3;Broadcast;6.516.741.271;98.945.261.161;122.210;-65.648;"0° 57' 14.34"" S";"100° 21' 47.22"" E";56.562;-11.471.801.284;62.732.352.272;-1.054.812.550;-;-;-;-;0.0000
cpdg;;Stored;Navigated;Iono Minimised;GPS/GLONASS;L1/L2;Static;05/31/2024 06:59:42;06/01/2024 06:59;23:59:30;0.0550;TPSCR.G3;Broadcast;6.516.741.553;98.945.262.434;130.655;-65.648;"0° 57' 14.33"" S";"100° 21' 47.22"" E";65.008;-11.471.803.084;62.732.360.548;-1.054.811.418;-;-;-;-;0.0000
cpdg;;Stored;Navigated;Iono Minimised;GPS/GLONASS;L1/L2;Static;06/01/2024 06:59;06/02/2024 06:59;23:59:30;0.0550;TPSCR.G3;Broadcast;6.516.742.129;98.945.262.516;127.258;-65.647;"0° 57' 14.33"" S";"100° 21' 47.22"" E";61.610;-11.471.803.041;62.732.357.104;-1.054.811.279;-;-;-;-;0.0000
cpdg;;Stored;Navigated;Iono Minimised;GPS/GLONASS;L1/L2;Static;06/02/2024 06:59;06/03/2024 06:59;23:59:30;0.0550;TPSCR.G3;Broadcast;6.516.740.398;98.945.262.107;121.457;-65.648;"0° 57' 14.33"" S";"100° 21' 47.21"" E";55.809;-11.471.800.293;62.732.351.704;-1.054.811.592;-;-;-;-;0.0000
cpdg;;Stored;Navigated;Iono Minimised;GPS/GLONASS;L1/L2;Static;06/03/2024 06:59;06/04/2024 06:59;23:59:30;0.0550;TPSCR.G3;Broadcast;6.516.743.183;98.945.262.127;125.757;-65.647;"0° 57' 14.33"" S";"100° 21' 47.22"" E";60.110;-11.471.803.807;62.732.355.432;-1.054.811.642;-;-;-;-;0.0000
cpdg;;Stored;Navigated;Iono Minimised;GPS/GLONASS;L1/L2;Static;06/04/2024 06:59;06/05/2024 06:59;23:59:30;0.0550;TPSCR.G3;Broadcast;6.516.741.842;98.945.263.375;134.484;-65.647;"0° 57' 14.33"" S";"100° 21' 47.22"" E";68.836;-11.471.804.059;62.732.364.278;-1.054.810.540;-;-;-;-;0.0000
cpdg;;Stored;Navigated;Iono Minimised;GPS/GLONASS;L1/L2;Static;06/05/2024 06:59;06/06/2024 06:59;23:59:30;0.0550;TPSCR.G3;Broadcast;6.516.743.997;98.945.263.073;125.057;-65.647;"0° 57' 14.33"" S";"100° 21' 47.22"" E";59.410;-11.471.804.484;62.732.354.613;-1.054.810.685;-;-;-;-;0.0000
cpdg;;Stored;Navigated;Iono Minimised;GPS/GLONASS;L1/L2;Static;06/06/2024 06:59;06/07/2024 06:59;23:59:30;0.0550;TPSCR.G3;Broadcast;6.516.740.214;98.945.261.714;118.820;-65.648;"0° 57' 14.34"" S";"100° 21' 47.21"" E";53.172;-11.471.799.637;62.732.349.136;-1.054.811.941;-;-;-;-;0.0000
cpdg;;Stored;Navigated;Iono Minimised;GPS/GLONASS;L1/L2;Static;06/07/2024 06:59;06/08/2024 06:59;23:59:30;0.0550;TPSCR.G3;Broadcast;6.516.740.024;98.945.262.772;118.150;-65.648;"0° 57' 14.33"" S";"100° 21' 47.21"" E";52.502;-11.471.799.331;62.732.348.529;-1.054.810.872;-;-;-;-;0.0000
cpdg;;Stored;Navigated;Iono Minimised;GPS/GLONASS;L1/L2;Static;06/08/2024 06:59;06/09/2024 06:59;23:59:30;0.0550;TPSCR.G3;Broadcast;6.516.740.345;98.945.261.345;127.317;-65.648;"0° 57' 14.34"" S";"100° 21' 47.21"" E";61.670;-11.471.801.293;62.732.357.464;-1.054.812.452;-;-;-;-;0.0000
cpdg;;Stored;Navigated;Iono Minimised;GPS/GLONASS;L1/L2;Static;06/09/2024 06:59;06/10/2024 06:59;23:59:30;0.0550;TPSCR.G3;Broadcast;6.516.741.015;98.945.262.634;121.386;-65.648;"0° 57' 14.33"" S";"100° 21' 47.21"" E";55.739;-11.471.800.889;62.732.351.532;-1.054.811.063;-;-;-;-;0.0000
cpdg;;Stored;Navigated;Iono Minimised;GPS/GLONASS;L1/L2;Static;06/10/2024 06:59;06/11/2024 06:59;23:59:30;0.0550;TPSCR.G3;Broadcast;6.516.742.194;98.945.262.730;122.448;-65.647;"0° 57' 14.33"" S";"100° 21' 47.22"" E";56.801;-11.471.802.240;62.732.352.366;-1.054.810.985;-;-;-;-;0.0000
cpdg;;Stored;Navigated;Iono Minimised;GPS/GLONASS;L1/L2;Static;06/11/2024 06:59;06/12/2024 06:59;23:59:30;0.0550;TPSCR.G3;Broadcast;6.516.742.744;98.945.262.716;132.632;-65.647;"0° 57' 14.33"" S";"100° 21' 47.22"" E";66.984;-11.471.804.612;62.732.362.283;-1.054.811.169;-;-;-;-;0.0000
cpdg;;Stored;Navigated;Iono Minimised;GPS/GLONASS;L1/L2;Static;06/12/2024 06:59;06/13/2024 06:59:12;23:59:30;0.0550;TPSCR.G3;Broadcast;6.516.742.000;98.945.262.828;133.322;-65.647;"0° 57' 14.33"" S";"100° 21' 47.22"" E";67.674;-11.471.804.005;62.732.363.097;-1.054.811.068;-;-;-;-;0.0000
cpdg;;Stored;Navigated;Iono Minimised;GPS/GLONASS;L1/L2;Static;06/13/2024 06:59:42;06/14/2024 06:59:12;23:59:30;0.0550;TPSCR.G3;Broadcast;6.516.743.748;98.945.261.872;128.291;-65.647;"0° 57' 14.34"" S";"100° 21' 47.22"" E";62.644;-11.471.804.817;62.732.357.819;-1.054.811.940;-;-;-;-;0.0000
cpdg;;Stored;Navigated;Iono Minimised;GPS/GLONASS;L1/L2;Static;06/14/2024 06:59:42;06/15/2024 06:59:12;23:59:30;0.0550;TPSCR.G3;Broadcast;6.516.741.018;98.945.261.636;121.867;-65.648;"0° 57' 14.34"" S";"100° 21' 47.21"" E";56.220;-11.471.800.975;62.732.351.988;-1.054.812.070;-;-;-;-;0.0000
cpdg;;Stored;Navigated;Iono Minimised;GPS/GLONASS;L1/L2;Static;06/15/2024 06:59:42;06/16/2024 06:59:12;23:59:30;0.0550;TPSCR.G3;Broadcast;6.516.740.255;98.945.260.878;124.074;-65.648;"0° 57' 14.34"" S";"100° 21' 47.21"" E";58.426;-11.471.800.620;62.732.354.283;-1.054.812.864;-;-;-;-;0.0000
cpdg;;Stored;Navigated;Iono Minimised;GPS/GLONASS;L1/L2;Static;06/16/2024 06:59:42;06/17/2024 06:59:12;23:59:30;0.0550;TPSCR.G3;Broadcast;6.516.742.394;98.945.263.360;126.696;-65.647;"0° 57' 14.33"" S";"100° 21' 47.22"" E";61.048;-11.471.803.203;62.732.356.518;-1.054.810.425;-;-;-;-;0.0000
cpdg;;Stored;Navigated;Iono Minimised;GPS/GLONASS;L1/L2;Static;06/17/2024 06:59:42;06/18/2024 06:59:12;23:59:30;0.0550;TPSCR.G3;Broadcast;6.516.741.761;98.945.262.218;126.592;-65.647;"0° 57' 14.33"" S";"100° 21' 47.22"" E";60.945;-11.471.802.557;62.732.356.511;-1.054.811.566;-;-;-;-;0.0000
cpdg;;Stored;Navigated;Iono Minimised;GPS/GLONASS;L1/L2;Static;06/18/2024 06:59:42;06/19/2024 06:59:12;23:59:30;0.0550;TPSCR.G3;Broadcast;6.516.741.288;98.945.262.891;119.093;-65.648;"0° 57' 14.33"" S";"100° 21' 47.22"" E";53.445;-11.471.800.746;62.732.349.231;-1.054.810.769;-;-;-;-;0.0000
cpdg;;Stored;Navigated;Iono Minimised;GPS/GLONASS;L1/L2;Static;06/19/2024 06:59:42;06/20/2024 06:59:12;23:59:30;0.0550;TPSCR.G3;Broadcast;6.516.743.234;98.945.262.229;124.761;-65.647;"0° 57' 14.33"" S";"100° 21' 47.22"" E";59.113;-11.471.803.678;62.732.354.445;-1.054.811.525;-;-;-;-;0.0000
cpdg;;Stored;Navigated;Iono Minimised;GPS/GLONASS;L1/L2;Static;06/20/2024 06:59:42;06/21/2024 06:59:12;23:59:30;0.0550;TPSCR.G3;Broadcast;6.516.741.790;98.945.262.420;130.829;-65.647;"0° 57' 14.33"" S";"100° 21' 47.22"" E";65.182;-11.471.803.348;62.732.360.677;-1.054.811.435;-;-;-;-;0.0000
cpdg;;Stored;Navigated;Iono Minimised;GPS/GLONASS;L1/L2;Static;06/21/2024 06:59:42;06/22/2024 06:59:12;23:59:30;0.0550;TPSCR.G3;Broadcast;6.516.743.283;98.945.261.689;124.212;-65.647;"0° 57' 14.34"" S";"100° 21' 47.22"" E";58.564;-11.471.803.625;62.732.353.887;-1.054.812.055;-;-;-;-;0.0000
cpdg;;Stored;Navigated;Iono Minimised;GPS/GLONASS;L1/L2;Static;06/22/2024 06:59:42;06/23/2024 06:59:12;23:59:30;0.0550;TPSCR.G3 TPSH;Broadcast;6.516.736.728;98.945.261.048;119.319;-65.648;"0° 57' 14.34"" S";"100° 21' 47.20"" E";53.671;-11.471.796.295;62.732.350.243;-1.054.812.617;-;-;-;-;0.0000
cpdg;;Stored;Navigated;Iono Minimised;GPS;L1/L2;Static;06/23/2024 06:59:42;06/24/2024 06:59:12;23:59:30;0.0550;TPSCR.G3 TPSH;Broadcast;6.516.746.926;98.945.258.820;136.714;-65.647;"0° 57' 14.35"" S";"100° 21' 47.23"" E";71.067;-11.471.809.451;62.732.365.482;-1.054.815.130;-;-;-;-;0.0000
cpdg;;Stored;Navigated;Iono Minimised;GPS/GLONASS;L1/L2;Static;06/24/2024 06:59:42;06/25/2024 06:59:12;23:59:30;0.0550;TPSCR.G3;Broadcast;6.516.740.274;98.945.263.047;127.767;-65.648;"0° 57' 14.33"" S";"100° 21' 47.21"" E";62.120;-11.471.801.309;62.732.357.948;-1.054.810.758;-;-;-;-;0.0000
cpdg;;Stored;Navigated;Iono Minimised;GPS/GLONASS;L1/L2;Static;06/25/2024 06:59:42;06/26/2024 06:59:12;23:59:30;0.0550;TPSCR.G3;Broadcast;6.516.743.969;98.945.260.894;121.558;-65.647;"0° 57' 14.34"" S";"100° 21' 47.22"" E";55.911;-11.471.803.821;62.732.351.141;-1.054.812.805;-;-;-;-;0.0000
cpdg;;Stored;Navigated;Iono Minimised;GPS/GLONASS;L1/L2;Static;06/26/2024 06:59:42;06/27/2024 06:59:12;23:59:30;0.0550;TPSCR.G3;Broadcast;6.516.743.617;98.945.261.068;116.157;-65.647;"0° 57' 14.34"" S";"100° 21' 47.22"" E";50.510;-11.471.802.504;62.732.345.895;-1.054.812.542;-;-;-;-;0.0000
cpdg;;Stored;Navigated;Iono Minimised;GPS/GLONASS;L1/L2;Static;06/27/2024 06:59:42;06/28/2024 06:59:12;23:59:30;0.0550;TPSCR.G3;Broadcast;6.516.741.573;98.945.262.205;126.273;-65.648;"0° 57' 14.33"" S";"100° 21' 47.22"" E";60.626;-11.471.802.316;62.732.356.231;-1.054.811.574;-;-;-;-;0.0000
